Indicator,Country,Period,Gender,Life Expectancy,Income_Group,Region
Life expectancy at birth (years),Afghanistan,2020,Male,59.3,lower_income,Asia
Life expectancy at birth (years),Afghanistan,2019,Male,60,lower_income,Asia
Life expectancy at birth (years),Afghanistan,2018,Male,59,lower_income,Asia
Life expectancy at birth (years),Afghanistan,2017,Male,59.8,lower_income,Asia
Life expectancy at birth (years),Afghanistan,2016,Male,59.2,lower_income,Asia
Life expectancy at birth (years),Afghanistan,2015,Male,59.3,lower_income,Asia
Life expectancy at birth (years),Albania,2020,Male,74.3,upper_middle,Europe
Life expectancy at birth (years),Albania,2019,Male,76.2,upper_middle,Europe
Life expectancy at birth (years),Albania,2018,Male,76.2,upper_middle,Europe
Life expectancy at birth (years),Albania,2017,Male,76.1,upper_middle,Europe
Life expectancy at birth (years),Albania,2016,Male,76,upper_middle,Europe
Life expectancy at birth (years),Albania,2015,Male,76,upper_middle,Europe
Life expectancy at birth (years),Algeria,2020,Male,73,lower_middle,Africa
Life expectancy at birth (years),Algeria,2019,Male,76.2,lower_middle,Africa
Life expectancy at birth (years),Algeria,2018,Male,76.1,lower_middle,Africa
Life expectancy at birth (years),Algeria,2017,Male,76,lower_middle,Africa
Life expectancy at birth (years),Algeria,2016,Male,75.9,lower_middle,Africa
Life expectancy at birth (years),Algeria,2015,Male,75.8,lower_middle,Africa
Life expectancy at birth (years),Angola,2020,Male,60.4,lower_middle,Africa
Life expectancy at birth (years),Angola,2019,Male,60.3,lower_middle,Africa
Life expectancy at birth (years),Angola,2018,Male,60.1,lower_middle,Africa
Life expectancy at birth (years),Angola,2017,Male,59.8,lower_middle,Africa
Life expectancy at birth (years),Angola,2016,Male,59.5,lower_middle,Africa
Life expectancy at birth (years),Angola,2015,Male,59.1,lower_middle,Africa
Life expectancy at birth (years),Antigua and Barbuda,2020,Male,75.6,high_income,North America
Life expectancy at birth (years),Antigua and Barbuda,2019,Male,74,high_income,North America
Life expectancy at birth (years),Antigua and Barbuda,2018,Male,74,high_income,North America
Life expectancy at birth (years),Antigua and Barbuda,2017,Male,73.9,high_income,North America
Life expectancy at birth (years),Antigua and Barbuda,2016,Male,73.8,high_income,North America
Life expectancy at birth (years),Antigua and Barbuda,2015,Male,73.8,high_income,North America
Life expectancy at birth (years),Argentina,2020,Male,73.1,upper_middle,South America
Life expectancy at birth (years),Argentina,2019,Male,74,upper_middle,South America
Life expectancy at birth (years),Argentina,2018,Male,73.7,upper_middle,South America
Life expectancy at birth (years),Argentina,2017,Male,73.6,upper_middle,South America
Life expectancy at birth (years),Argentina,2016,Male,73,upper_middle,South America
Life expectancy at birth (years),Argentina,2015,Male,73.3,upper_middle,South America
Life expectancy at birth (years),Armenia,2020,Male,62.7,upper_middle,Europe
Life expectancy at birth (years),Armenia,2019,Male,70.8,upper_middle,Europe
Life expectancy at birth (years),Armenia,2018,Male,71,upper_middle,Europe
Life expectancy at birth (years),Armenia,2017,Male,70.6,upper_middle,Europe
Life expectancy at birth (years),Armenia,2016,Male,69.8,upper_middle,Europe
Life expectancy at birth (years),Armenia,2015,Male,69.8,upper_middle,Europe
Life expectancy at birth (years),Australia,2020,Male,81.5,high_income,Oceania
Life expectancy at birth (years),Australia,2019,Male,80.7,high_income,Oceania
Life expectancy at birth (years),Australia,2018,Male,81.2,high_income,Oceania
Life expectancy at birth (years),Australia,2017,Male,80.8,high_income,Oceania
Life expectancy at birth (years),Australia,2016,Male,80.7,high_income,Oceania
Life expectancy at birth (years),Australia,2015,Male,80.4,high_income,Oceania
Life expectancy at birth (years),Austria,2020,Male,78.8,high_income,Europe
Life expectancy at birth (years),Austria,2019,Male,79.4,high_income,Europe
Life expectancy at birth (years),Austria,2018,Male,79.2,high_income,Europe
Life expectancy at birth (years),Austria,2017,Male,79.2,high_income,Europe
Life expectancy at birth (years),Austria,2016,Male,79.1,high_income,Europe
Life expectancy at birth (years),Austria,2015,Male,78.6,high_income,Europe
Life expectancy at birth (years),Azerbaijan,2020,Male,67.5,upper_middle,Europe
Life expectancy at birth (years),Azerbaijan,2019,Male,73.4,upper_middle,Europe
Life expectancy at birth (years),Azerbaijan,2018,Male,72.6,upper_middle,Europe
Life expectancy at birth (years),Azerbaijan,2017,Male,72.2,upper_middle,Europe
Life expectancy at birth (years),Azerbaijan,2016,Male,71.8,upper_middle,Europe
Life expectancy at birth (years),Azerbaijan,2015,Male,71.7,upper_middle,Europe
Life expectancy at birth (years),Bahamas,2020,Male,69.2,high_income,North America
Life expectancy at birth (years),Bahamas,2019,Male,68.1,high_income,North America
Life expectancy at birth (years),Bahamas,2018,Male,70.2,high_income,North America
Life expectancy at birth (years),Bahamas,2017,Male,70,high_income,North America
Life expectancy at birth (years),Bahamas,2016,Male,69.7,high_income,North America
Life expectancy at birth (years),Bahamas,2015,Male,69.8,high_income,North America
Life expectancy at birth (years),Bahrain,2020,Male,73.6,high_income,Asia
Life expectancy at birth (years),Bahrain,2019,Male,75.4,high_income,Asia
Life expectancy at birth (years),Bahrain,2018,Male,75.1,high_income,Asia
Life expectancy at birth (years),Bahrain,2017,Male,74.9,high_income,Asia
Life expectancy at birth (years),Bahrain,2016,Male,75,high_income,Asia
Life expectancy at birth (years),Bahrain,2015,Male,75.2,high_income,Asia
Life expectancy at birth (years),Bangladesh,2020,Male,71.7,lower_middle,Asia
Life expectancy at birth (years),Bangladesh,2019,Male,72.6,lower_middle,Asia
Life expectancy at birth (years),Bangladesh,2018,Male,72.4,lower_middle,Asia
Life expectancy at birth (years),Bangladesh,2017,Male,72.1,lower_middle,Asia
Life expectancy at birth (years),Bangladesh,2016,Male,72.3,lower_middle,Asia
Life expectancy at birth (years),Bangladesh,2015,Male,72.1,lower_middle,Asia
Life expectancy at birth (years),Barbados,2020,Male,75.1,high_income,North America
Life expectancy at birth (years),Barbados,2019,Male,74.3,high_income,North America
Life expectancy at birth (years),Barbados,2018,Male,74.9,high_income,North America
Life expectancy at birth (years),Barbados,2017,Male,75.1,high_income,North America
Life expectancy at birth (years),Barbados,2016,Male,75.1,high_income,North America
Life expectancy at birth (years),Barbados,2015,Male,75.1,high_income,North America
Life expectancy at birth (years),Belarus,2020,Male,67.8,upper_middle,Europe
Life expectancy at birth (years),Belarus,2019,Male,69.7,upper_middle,Europe
Life expectancy at birth (years),Belarus,2018,Male,69.2,upper_middle,Europe
Life expectancy at birth (years),Belarus,2017,Male,69.1,upper_middle,Europe
Life expectancy at birth (years),Belarus,2016,Male,68.7,upper_middle,Europe
Life expectancy at birth (years),Belarus,2015,Male,68.5,upper_middle,Europe
Life expectancy at birth (years),Belgium,2020,Male,78.7,high_income,Europe
Life expectancy at birth (years),Belgium,2019,Male,79.5,high_income,Europe
Life expectancy at birth (years),Belgium,2018,Male,79.1,high_income,Europe
Life expectancy at birth (years),Belgium,2017,Male,78.9,high_income,Europe
Life expectancy at birth (years),Belgium,2016,Male,78.7,high_income,Europe
Life expectancy at birth (years),Belgium,2015,Male,78.5,high_income,Europe
Life expectancy at birth (years),Belize,2020,Male,72.9,upper_middle,North America
Life expectancy at birth (years),Belize,2019,Male,72.5,upper_middle,North America
Life expectancy at birth (years),Belize,2018,Male,72.1,upper_middle,North America
Life expectancy at birth (years),Belize,2017,Male,71.9,upper_middle,North America
Life expectancy at birth (years),Belize,2016,Male,71.6,upper_middle,North America
Life expectancy at birth (years),Belize,2015,Male,71.5,upper_middle,North America
Life expectancy at birth (years),Benin,2020,Male,61.9,lower_middle,Africa
Life expectancy at birth (years),Benin,2019,Male,61.8,lower_middle,Africa
Life expectancy at birth (years),Benin,2018,Male,61.4,lower_middle,Africa
Life expectancy at birth (years),Benin,2017,Male,61,lower_middle,Africa
Life expectancy at birth (years),Benin,2016,Male,60.6,lower_middle,Africa
Life expectancy at birth (years),Benin,2015,Male,60.3,lower_middle,Africa
Life expectancy at birth (years),Bhutan,2020,Male,73.2,lower_middle,Asia
Life expectancy at birth (years),Bhutan,2019,Male,72.9,lower_middle,Asia
Life expectancy at birth (years),Bhutan,2018,Male,72.7,lower_middle,Asia
Life expectancy at birth (years),Bhutan,2017,Male,72.5,lower_middle,Asia
Life expectancy at birth (years),Bhutan,2016,Male,72.3,lower_middle,Asia
Life expectancy at birth (years),Bhutan,2015,Male,72.1,lower_middle,Asia
Life expectancy at birth (years),Bolivia (Plurinational State of),2020,Male,64.4,lower_middle,South America
Life expectancy at birth (years),Bolivia (Plurinational State of),2019,Male,72,lower_middle,South America
Life expectancy at birth (years),Bolivia (Plurinational State of),2018,Male,71.8,lower_middle,South America
Life expectancy at birth (years),Bolivia (Plurinational State of),2017,Male,71.5,lower_middle,South America
Life expectancy at birth (years),Bolivia (Plurinational State of),2016,Male,71.3,lower_middle,South America
Life expectancy at birth (years),Bolivia (Plurinational State of),2015,Male,71,lower_middle,South America
Life expectancy at birth (years),Bosnia and Herzegovina,2020,Male,73,upper_middle,Europe
Life expectancy at birth (years),Bosnia and Herzegovina,2019,Male,74.6,upper_middle,Europe
Life expectancy at birth (years),Bosnia and Herzegovina,2018,Male,74.9,upper_middle,Europe
Life expectancy at birth (years),Bosnia and Herzegovina,2017,Male,74.9,upper_middle,Europe
Life expectancy at birth (years),Bosnia and Herzegovina,2016,Male,74.6,upper_middle,Europe
Life expectancy at birth (years),Bosnia and Herzegovina,2015,Male,74.5,upper_middle,Europe
Life expectancy at birth (years),Botswana,2020,Male,62.7,upper_middle,Africa
Life expectancy at birth (years),Botswana,2019,Male,62.7,upper_middle,Africa
Life expectancy at birth (years),Botswana,2018,Male,62.3,upper_middle,Africa
Life expectancy at birth (years),Botswana,2017,Male,61.8,upper_middle,Africa
Life expectancy at birth (years),Botswana,2016,Male,60.9,upper_middle,Africa
Life expectancy at birth (years),Botswana,2015,Male,60.1,upper_middle,Africa
Life expectancy at birth (years),Brazil,2020,Male,70.7,upper_middle,South America
Life expectancy at birth (years),Brazil,2019,Male,72.2,upper_middle,South America
Life expectancy at birth (years),Brazil,2018,Male,71.9,upper_middle,South America
Life expectancy at birth (years),Brazil,2017,Male,71.5,upper_middle,South America
Life expectancy at birth (years),Brazil,2016,Male,71.1,upper_middle,South America
Life expectancy at birth (years),Brazil,2015,Male,71.3,upper_middle,South America
Life expectancy at birth (years),Brunei Darussalam,2020,Male,75.3,high_income,Asia
Life expectancy at birth (years),Brunei Darussalam,2019,Male,75.2,high_income,Asia
Life expectancy at birth (years),Brunei Darussalam,2018,Male,75.2,high_income,Asia
Life expectancy at birth (years),Brunei Darussalam,2017,Male,75.2,high_income,Asia
Life expectancy at birth (years),Brunei Darussalam,2016,Male,75.2,high_income,Asia
Life expectancy at birth (years),Brunei Darussalam,2015,Male,75.2,high_income,Asia
Life expectancy at birth (years),Bulgaria,2020,Male,69.9,upper_middle,Europe
Life expectancy at birth (years),Bulgaria,2019,Male,71.5,upper_middle,Europe
Life expectancy at birth (years),Bulgaria,2018,Male,71.4,upper_middle,Europe
Life expectancy at birth (years),Bulgaria,2017,Male,71.3,upper_middle,Europe
Life expectancy at birth (years),Bulgaria,2016,Male,71.3,upper_middle,Europe
Life expectancy at birth (years),Bulgaria,2015,Male,71.2,upper_middle,Europe
Life expectancy at birth (years),Burkina Faso,2020,Male,60.3,lower_income,Africa
Life expectancy at birth (years),Burkina Faso,2019,Male,60.1,lower_income,Africa
Life expectancy at birth (years),Burkina Faso,2018,Male,59.9,lower_income,Africa
Life expectancy at birth (years),Burkina Faso,2017,Male,59.4,lower_income,Africa
Life expectancy at birth (years),Burkina Faso,2016,Male,58.9,lower_income,Africa
Life expectancy at birth (years),Burkina Faso,2015,Male,58.4,lower_income,Africa
Life expectancy at birth (years),Burundi,2020,Male,62.5,lower_income,Africa
Life expectancy at birth (years),Burundi,2019,Male,62.4,lower_income,Africa
Life expectancy at birth (years),Burundi,2018,Male,62.1,lower_income,Africa
Life expectancy at birth (years),Burundi,2017,Male,61.7,lower_income,Africa
Life expectancy at birth (years),Burundi,2016,Male,61.3,lower_income,Africa
Life expectancy at birth (years),Burundi,2015,Male,60.8,lower_income,Africa
Life expectancy at birth (years),Cabo Verde,2020,Male,69.1,lower_middle,Africa
Life expectancy at birth (years),Cabo Verde,2019,Male,69.7,lower_middle,Africa
Life expectancy at birth (years),Cabo Verde,2018,Male,69.5,lower_middle,Africa
Life expectancy at birth (years),Cabo Verde,2017,Male,72,lower_middle,Africa
Life expectancy at birth (years),Cabo Verde,2016,Male,72.2,lower_middle,Africa
Life expectancy at birth (years),Cabo Verde,2015,Male,71.9,lower_middle,Africa
Life expectancy at birth (years),Cambodia,2020,Male,67.1,lower_middle,Asia
Life expectancy at birth (years),Cambodia,2019,Male,66.9,lower_middle,Asia
Life expectancy at birth (years),Cambodia,2018,Male,66.6,lower_middle,Asia
Life expectancy at birth (years),Cambodia,2017,Male,66.4,lower_middle,Asia
Life expectancy at birth (years),Cambodia,2016,Male,66.1,lower_middle,Asia
Life expectancy at birth (years),Cambodia,2015,Male,65.8,lower_middle,Asia
Life expectancy at birth (years),Cameroon,2020,Male,60.1,lower_middle,Africa
Life expectancy at birth (years),Cameroon,2019,Male,60.1,lower_middle,Africa
Life expectancy at birth (years),Cameroon,2018,Male,59.5,lower_middle,Africa
Life expectancy at birth (years),Cameroon,2017,Male,58.8,lower_middle,Africa
Life expectancy at birth (years),Cameroon,2016,Male,58,lower_middle,Africa
Life expectancy at birth (years),Cameroon,2015,Male,57.2,lower_middle,Africa
Life expectancy at birth (years),Canada,2020,Male,79.3,high_income,North America
Life expectancy at birth (years),Canada,2019,Male,80.1,high_income,North America
Life expectancy at birth (years),Canada,2018,Male,79.8,high_income,North America
Life expectancy at birth (years),Canada,2017,Male,79.8,high_income,North America
Life expectancy at birth (years),Canada,2016,Male,79.9,high_income,North America
Life expectancy at birth (years),Canada,2015,Male,79.8,high_income,North America
Life expectancy at birth (years),Central African Republic,2020,Male,50.5,lower_income,Africa
Life expectancy at birth (years),Central African Republic,2019,Male,50.3,lower_income,Africa
Life expectancy at birth (years),Central African Republic,2018,Male,49.4,lower_income,Africa
Life expectancy at birth (years),Central African Republic,2017,Male,48.3,lower_income,Africa
Life expectancy at birth (years),Central African Republic,2016,Male,49.1,lower_income,Africa
Life expectancy at birth (years),Central African Republic,2015,Male,48.9,lower_income,Africa
Life expectancy at birth (years),Chad,2020,Male,57.6,lower_income,Africa
Life expectancy at birth (years),Chad,2019,Male,57.8,lower_income,Africa
Life expectancy at birth (years),Chad,2018,Male,57.5,lower_income,Africa
Life expectancy at birth (years),Chad,2017,Male,57.2,lower_income,Africa
Life expectancy at birth (years),Chad,2016,Male,56.9,lower_income,Africa
Life expectancy at birth (years),Chad,2015,Male,56.4,lower_income,Africa
Life expectancy at birth (years),Chile,2020,Male,77.3,high_income,South America
Life expectancy at birth (years),Chile,2019,Male,78.7,high_income,South America
Life expectancy at birth (years),Chile,2018,Male,78.6,high_income,South America
Life expectancy at birth (years),Chile,2017,Male,78.2,high_income,South America
Life expectancy at birth (years),Chile,2016,Male,78,high_income,South America
Life expectancy at birth (years),Chile,2015,Male,77.5,high_income,South America
Life expectancy at birth (years),China,2020,Male,74.6,upper_middle,Asia
Life expectancy at birth (years),China,2019,Male,74.6,upper_middle,Asia
Life expectancy at birth (years),China,2018,Male,74.4,upper_middle,Asia
Life expectancy at birth (years),China,2017,Male,74.2,upper_middle,Asia
Life expectancy at birth (years),China,2016,Male,73.9,upper_middle,Asia
Life expectancy at birth (years),China,2015,Male,73.7,upper_middle,Asia
Life expectancy at birth (years),Colombia,2020,Male,73.2,upper_middle,South America
Life expectancy at birth (years),Colombia,2019,Male,75.3,upper_middle,South America
Life expectancy at birth (years),Colombia,2018,Male,75.2,upper_middle,South America
Life expectancy at birth (years),Colombia,2017,Male,75.2,upper_middle,South America
Life expectancy at birth (years),Colombia,2016,Male,74.9,upper_middle,South America
Life expectancy at birth (years),Colombia,2015,Male,74.7,upper_middle,South America
Life expectancy at birth (years),Comoros,2020,Male,67,lower_middle,Africa
Life expectancy at birth (years),Comoros,2019,Male,66.8,lower_middle,Africa
Life expectancy at birth (years),Comoros,2018,Male,67.1,lower_middle,Africa
Life expectancy at birth (years),Comoros,2017,Male,66.7,lower_middle,Africa
Life expectancy at birth (years),Comoros,2016,Male,66.6,lower_middle,Africa
Life expectancy at birth (years),Comoros,2015,Male,66.4,lower_middle,Africa
Life expectancy at birth (years),Congo,2020,Male,62.7,lower_middle,Africa
Life expectancy at birth (years),Congo,2019,Male,62.4,lower_middle,Africa
Life expectancy at birth (years),Congo,2018,Male,62.7,lower_middle,Africa
Life expectancy at birth (years),Congo,2017,Male,62.5,lower_middle,Africa
Life expectancy at birth (years),Congo,2016,Male,62.2,lower_middle,Africa
Life expectancy at birth (years),Congo,2015,Male,61.9,lower_middle,Africa
Life expectancy at birth (years),Costa Rica,2020,Male,77.3,upper_middle,North America
Life expectancy at birth (years),Costa Rica,2019,Male,77.9,upper_middle,North America
Life expectancy at birth (years),Costa Rica,2018,Male,77.7,upper_middle,North America
Life expectancy at birth (years),Costa Rica,2017,Male,77.8,upper_middle,North America
Life expectancy at birth (years),Costa Rica,2016,Male,77.6,upper_middle,North America
Life expectancy at birth (years),Costa Rica,2015,Male,77.9,upper_middle,North America
Life expectancy at birth (years),Cote d'Ivoire,2020,Male,61,lower_middle,Africa
Life expectancy at birth (years),Cote d'Ivoire,2019,Male,61.2,lower_middle,Africa
Life expectancy at birth (years),Cote d'Ivoire,2018,Male,60.6,lower_middle,Africa
Life expectancy at birth (years),Cote d'Ivoire,2017,Male,60,lower_middle,Africa
Life expectancy at birth (years),Cote d'Ivoire,2016,Male,59.4,lower_middle,Africa
Life expectancy at birth (years),Cote d'Ivoire,2015,Male,58.7,lower_middle,Africa
Life expectancy at birth (years),Croatia,2020,Male,74.8,high_income,Europe
Life expectancy at birth (years),Croatia,2019,Male,75.6,high_income,Europe
Life expectancy at birth (years),Croatia,2018,Male,75.2,high_income,Europe
Life expectancy at birth (years),Croatia,2017,Male,75.2,high_income,Europe
Life expectancy at birth (years),Croatia,2016,Male,75.2,high_income,Europe
Life expectancy at birth (years),Croatia,2015,Male,74.5,high_income,Europe
Life expectancy at birth (years),Cuba,2020,Male,75.3,upper_middle,North America
Life expectancy at birth (years),Cuba,2019,Male,75.3,upper_middle,North America
Life expectancy at birth (years),Cuba,2018,Male,75.6,upper_middle,North America
Life expectancy at birth (years),Cuba,2017,Male,75.4,upper_middle,North America
Life expectancy at birth (years),Cuba,2016,Male,75.9,upper_middle,North America
Life expectancy at birth (years),Cuba,2015,Male,75.8,upper_middle,North America
Life expectancy at birth (years),Cyprus,2020,Male,80.1,high_income,Europe
Life expectancy at birth (years),Cyprus,2019,Male,80.2,high_income,Europe
Life expectancy at birth (years),Cyprus,2018,Male,80.1,high_income,Europe
Life expectancy at birth (years),Cyprus,2017,Male,79.8,high_income,Europe
Life expectancy at birth (years),Cyprus,2016,Male,79.7,high_income,Europe
Life expectancy at birth (years),Cyprus,2015,Male,79.7,high_income,Europe
Life expectancy at birth (years),Czechia,2020,Male,75.2,high_income,Europe
Life expectancy at birth (years),Czechia,2019,Male,76.3,high_income,Europe
Life expectancy at birth (years),Czechia,2018,Male,76,high_income,Europe
Life expectancy at birth (years),Czechia,2017,Male,76,high_income,Europe
Life expectancy at birth (years),Czechia,2016,Male,76,high_income,Europe
Life expectancy at birth (years),Czechia,2015,Male,75.6,high_income,Europe
Life expectancy at birth (years),Democratic People's Republic of Korea,2020,Male,69.3,lower_income,Asia
Life expectancy at birth (years),Democratic People's Republic of Korea,2019,Male,69.3,lower_income,Asia
Life expectancy at birth (years),Democratic People's Republic of Korea,2018,Male,69.1,lower_income,Asia
Life expectancy at birth (years),Democratic People's Republic of Korea,2017,Male,68.9,lower_income,Asia
Life expectancy at birth (years),Democratic People's Republic of Korea,2016,Male,68.6,lower_income,Asia
Life expectancy at birth (years),Democratic People's Republic of Korea,2015,Male,68.4,lower_income,Asia
Life expectancy at birth (years),Democratic Republic of the Congo,2020,Male,59.7,lower_income,Africa
Life expectancy at birth (years),Democratic Republic of the Congo,2019,Male,59.7,lower_income,Africa
Life expectancy at birth (years),Democratic Republic of the Congo,2018,Male,59.3,lower_income,Africa
Life expectancy at birth (years),Democratic Republic of the Congo,2017,Male,58.8,lower_income,Africa
Life expectancy at birth (years),Democratic Republic of the Congo,2016,Male,58.5,lower_income,Africa
Life expectancy at birth (years),Democratic Republic of the Congo,2015,Male,58.1,lower_income,Africa
Life expectancy at birth (years),Denmark,2020,Male,79.6,high_income,Europe
Life expectancy at birth (years),Denmark,2019,Male,79.5,high_income,Europe
Life expectancy at birth (years),Denmark,2018,Male,79,high_income,Europe
Life expectancy at birth (years),Denmark,2017,Male,79.1,high_income,Europe
Life expectancy at birth (years),Denmark,2016,Male,79,high_income,Europe
Life expectancy at birth (years),Denmark,2015,Male,78.8,high_income,Europe
Life expectancy at birth (years),Djibouti,2020,Male,63.4,lower_middle,Africa
Life expectancy at birth (years),Djibouti,2019,Male,63.6,lower_middle,Africa
Life expectancy at birth (years),Djibouti,2018,Male,63.4,lower_middle,Africa
Life expectancy at birth (years),Djibouti,2017,Male,63,lower_middle,Africa
Life expectancy at birth (years),Djibouti,2016,Male,62.7,lower_middle,Africa
Life expectancy at birth (years),Djibouti,2015,Male,62.2,lower_middle,Africa
Life expectancy at birth (years),Dominican Republic,2020,Male,70.1,upper_middle,North America
Life expectancy at birth (years),Dominican Republic,2019,Male,70.9,upper_middle,North America
Life expectancy at birth (years),Dominican Republic,2018,Male,70.4,upper_middle,North America
Life expectancy at birth (years),Dominican Republic,2017,Male,70.2,upper_middle,North America
Life expectancy at birth (years),Dominican Republic,2016,Male,70,upper_middle,North America
Life expectancy at birth (years),Dominican Republic,2015,Male,69.9,upper_middle,North America
Life expectancy at birth (years),Ecuador,2020,Male,69.5,upper_middle,South America
Life expectancy at birth (years),Ecuador,2019,Male,75.3,upper_middle,South America
Life expectancy at birth (years),Ecuador,2018,Male,75,upper_middle,South America
Life expectancy at birth (years),Ecuador,2017,Male,74.9,upper_middle,South America
Life expectancy at birth (years),Ecuador,2016,Male,74.8,upper_middle,South America
Life expectancy at birth (years),Ecuador,2015,Male,74.7,upper_middle,South America
Life expectancy at birth (years),Egypt,2020,Male,67.7,lower_middle,Africa
Life expectancy at birth (years),Egypt,2019,Male,69,lower_middle,Africa
Life expectancy at birth (years),Egypt,2018,Male,68.8,lower_middle,Africa
Life expectancy at birth (years),Egypt,2017,Male,68.6,lower_middle,Africa
Life expectancy at birth (years),Egypt,2016,Male,68,lower_middle,Africa
Life expectancy at birth (years),Egypt,2015,Male,67.5,lower_middle,Africa
Life expectancy at birth (years),El Salvador,2020,Male,67.1,upper_middle,North America
Life expectancy at birth (years),El Salvador,2019,Male,69.5,upper_middle,North America
Life expectancy at birth (years),El Salvador,2018,Male,69.8,upper_middle,North America
Life expectancy at birth (years),El Salvador,2017,Male,69.1,upper_middle,North America
Life expectancy at birth (years),El Salvador,2016,Male,68.7,upper_middle,North America
Life expectancy at birth (years),El Salvador,2015,Male,67.6,upper_middle,North America
Life expectancy at birth (years),Equatorial Guinea,2020,Male,59.6,upper_middle,Africa
Life expectancy at birth (years),Equatorial Guinea,2019,Male,59.9,upper_middle,Africa
Life expectancy at birth (years),Equatorial Guinea,2018,Male,59.9,upper_middle,Africa
Life expectancy at birth (years),Equatorial Guinea,2017,Male,59.7,upper_middle,Africa
Life expectancy at birth (years),Equatorial Guinea,2016,Male,59.6,upper_middle,Africa
Life expectancy at birth (years),Equatorial Guinea,2015,Male,60,upper_middle,Africa
Life expectancy at birth (years),Eritrea,2020,Male,61,lower_income,Africa
Life expectancy at birth (years),Eritrea,2019,Male,61,lower_income,Africa
Life expectancy at birth (years),Eritrea,2018,Male,60.7,lower_income,Africa
Life expectancy at birth (years),Eritrea,2017,Male,60.4,lower_income,Africa
Life expectancy at birth (years),Eritrea,2016,Male,60,lower_income,Africa
Life expectancy at birth (years),Eritrea,2015,Male,59.6,lower_income,Africa
Life expectancy at birth (years),Estonia,2020,Male,74.3,high_income,Europe
Life expectancy at birth (years),Estonia,2019,Male,74.7,high_income,Europe
Life expectancy at birth (years),Estonia,2018,Male,74,high_income,Europe
Life expectancy at birth (years),Estonia,2017,Male,73.7,high_income,Europe
Life expectancy at birth (years),Estonia,2016,Male,73.2,high_income,Europe
Life expectancy at birth (years),Estonia,2015,Male,73.1,high_income,Europe
Life expectancy at birth (years),Eswatini,2020,Male,52.8,lower_middle,Africa
Life expectancy at birth (years),Eswatini,2019,Male,52.5,lower_middle,Africa
Life expectancy at birth (years),Eswatini,2018,Male,51.5,lower_middle,Africa
Life expectancy at birth (years),Eswatini,2017,Male,50.6,lower_middle,Africa
Life expectancy at birth (years),Eswatini,2016,Male,50,lower_middle,Africa
Life expectancy at birth (years),Eswatini,2015,Male,49.1,lower_middle,Africa
Life expectancy at birth (years),Ethiopia,2020,Male,66.9,lower_income,Africa
Life expectancy at birth (years),Ethiopia,2019,Male,67.2,lower_income,Africa
Life expectancy at birth (years),Ethiopia,2018,Male,66.8,lower_income,Africa
Life expectancy at birth (years),Ethiopia,2017,Male,66.4,lower_income,Africa
Life expectancy at birth (years),Ethiopia,2016,Male,65.9,lower_income,Africa
Life expectancy at birth (years),Ethiopia,2015,Male,65.4,lower_income,Africa
Life expectancy at birth (years),Fiji,2020,Male,65.4,upper_middle,Oceania
Life expectancy at birth (years),Fiji,2019,Male,65.8,upper_middle,Oceania
Life expectancy at birth (years),Fiji,2018,Male,65.8,upper_middle,Oceania
Life expectancy at birth (years),Fiji,2017,Male,65.8,upper_middle,Oceania
Life expectancy at birth (years),Fiji,2016,Male,65.7,upper_middle,Oceania
Life expectancy at birth (years),Fiji,2015,Male,65.8,upper_middle,Oceania
Life expectancy at birth (years),Finland,2020,Male,78.9,high_income,Europe
Life expectancy at birth (years),Finland,2019,Male,79.1,high_income,Europe
Life expectancy at birth (years),Finland,2018,Male,78.8,high_income,Europe
Life expectancy at birth (years),Finland,2017,Male,78.7,high_income,Europe
Life expectancy at birth (years),Finland,2016,Male,78.4,high_income,Europe
Life expectancy at birth (years),Finland,2015,Male,78.5,high_income,Europe
Life expectancy at birth (years),France,2020,Male,79.1,high_income,Europe
Life expectancy at birth (years),France,2019,Male,79.8,high_income,Europe
Life expectancy at birth (years),France,2018,Male,79.6,high_income,Europe
Life expectancy at birth (years),France,2017,Male,79.4,high_income,Europe
Life expectancy at birth (years),France,2016,Male,79.2,high_income,Europe
Life expectancy at birth (years),France,2015,Male,79,high_income,Europe
Life expectancy at birth (years),Gabon,2020,Male,62.7,upper_middle,Africa
Life expectancy at birth (years),Gabon,2019,Male,62.6,upper_middle,Africa
Life expectancy at birth (years),Gabon,2018,Male,62.3,upper_middle,Africa
Life expectancy at birth (years),Gabon,2017,Male,62.1,upper_middle,Africa
Life expectancy at birth (years),Gabon,2016,Male,61.8,upper_middle,Africa
Life expectancy at birth (years),Gabon,2015,Male,61.6,upper_middle,Africa
Life expectancy at birth (years),Gambia,2020,Male,62.7,lower_income,Africa
Life expectancy at birth (years),Gambia,2019,Male,62.9,lower_income,Africa
Life expectancy at birth (years),Gambia,2018,Male,62.6,lower_income,Africa
Life expectancy at birth (years),Gambia,2017,Male,62.3,lower_income,Africa
Life expectancy at birth (years),Gambia,2016,Male,62.1,lower_income,Africa
Life expectancy at birth (years),Gambia,2015,Male,61.9,lower_income,Africa
Life expectancy at birth (years),Georgia,2020,Male,68.3,upper_middle,Europe
Life expectancy at birth (years),Georgia,2019,Male,69.1,upper_middle,Europe
Life expectancy at birth (years),Georgia,2018,Male,69.1,upper_middle,Europe
Life expectancy at birth (years),Georgia,2017,Male,68.9,upper_middle,Europe
Life expectancy at birth (years),Georgia,2016,Male,68,upper_middle,Europe
Life expectancy at birth (years),Georgia,2015,Male,68.3,upper_middle,Europe
Life expectancy at birth (years),Germany,2020,Male,78.5,high_income,Europe
Life expectancy at birth (years),Germany,2019,Male,78.7,high_income,Europe
Life expectancy at birth (years),Germany,2018,Male,78.4,high_income,Europe
Life expectancy at birth (years),Germany,2017,Male,78.5,high_income,Europe
Life expectancy at birth (years),Germany,2016,Male,78.4,high_income,Europe
Life expectancy at birth (years),Germany,2015,Male,78.1,high_income,Europe
Life expectancy at birth (years),Ghana,2020,Male,63.6,lower_middle,Africa
Life expectancy at birth (years),Ghana,2019,Male,63.5,lower_middle,Africa
Life expectancy at birth (years),Ghana,2018,Male,63,lower_middle,Africa
Life expectancy at birth (years),Ghana,2017,Male,62.5,lower_middle,Africa
Life expectancy at birth (years),Ghana,2016,Male,62.2,lower_middle,Africa
Life expectancy at birth (years),Ghana,2015,Male,61.9,lower_middle,Africa
Life expectancy at birth (years),Greece,2020,Male,78.5,high_income,Europe
Life expectancy at birth (years),Greece,2019,Male,78.8,high_income,Europe
Life expectancy at birth (years),Greece,2018,Male,78.9,high_income,Europe
Life expectancy at birth (years),Greece,2017,Male,78.5,high_income,Europe
Life expectancy at birth (years),Greece,2016,Male,78.5,high_income,Europe
Life expectancy at birth (years),Greece,2015,Male,78.2,high_income,Europe
Life expectancy at birth (years),Grenada,2020,Male,72.9,upper_middle,North America
Life expectancy at birth (years),Grenada,2019,Male,70.5,upper_middle,North America
Life expectancy at birth (years),Grenada,2018,Male,70.4,upper_middle,North America
Life expectancy at birth (years),Grenada,2017,Male,70.2,upper_middle,North America
Life expectancy at birth (years),Grenada,2016,Male,70.1,upper_middle,North America
Life expectancy at birth (years),Grenada,2015,Male,70.1,upper_middle,North America
Life expectancy at birth (years),Guatemala,2020,Male,67.8,upper_middle,North America
Life expectancy at birth (years),Guatemala,2019,Male,70.2,upper_middle,North America
Life expectancy at birth (years),Guatemala,2018,Male,70.2,upper_middle,North America
Life expectancy at birth (years),Guatemala,2017,Male,70,upper_middle,North America
Life expectancy at birth (years),Guatemala,2016,Male,69.5,upper_middle,North America
Life expectancy at birth (years),Guatemala,2015,Male,69.3,upper_middle,North America
Life expectancy at birth (years),Guinea,2020,Male,59.7,lower_middle,Africa
Life expectancy at birth (years),Guinea,2019,Male,59.8,lower_middle,Africa
Life expectancy at birth (years),Guinea,2018,Male,59.4,lower_middle,Africa
Life expectancy at birth (years),Guinea,2017,Male,59,lower_middle,Africa
Life expectancy at birth (years),Guinea,2016,Male,58.5,lower_middle,Africa
Life expectancy at birth (years),Guinea,2015,Male,57.8,lower_middle,Africa
Life expectancy at birth (years),Guinea-Bissau,2020,Male,55.7,lower_income,Africa
Life expectancy at birth (years),Guinea-Bissau,2019,Male,56.4,lower_income,Africa
Life expectancy at birth (years),Guinea-Bissau,2018,Male,56.1,lower_income,Africa
Life expectancy at birth (years),Guinea-Bissau,2017,Male,56,lower_income,Africa
Life expectancy at birth (years),Guinea-Bissau,2016,Male,55.6,lower_income,Africa
Life expectancy at birth (years),Guinea-Bissau,2015,Male,55.2,lower_income,Africa
Life expectancy at birth (years),Guyana,2020,Male,63.8,high_income,South America
Life expectancy at birth (years),Guyana,2019,Male,65.6,high_income,South America
Life expectancy at birth (years),Guyana,2018,Male,65.6,high_income,South America
Life expectancy at birth (years),Guyana,2017,Male,65,high_income,South America
Life expectancy at birth (years),Guyana,2016,Male,64.3,high_income,South America
Life expectancy at birth (years),Guyana,2015,Male,63.7,high_income,South America
Life expectancy at birth (years),Haiti,2020,Male,62.6,lower_middle,North America
Life expectancy at birth (years),Haiti,2019,Male,63.2,lower_middle,North America
Life expectancy at birth (years),Haiti,2018,Male,63,lower_middle,North America
Life expectancy at birth (years),Haiti,2017,Male,62.9,lower_middle,North America
Life expectancy at birth (years),Haiti,2016,Male,62.5,lower_middle,North America
Life expectancy at birth (years),Haiti,2015,Male,62.3,lower_middle,North America
Life expectancy at birth (years),Honduras,2020,Male,68.6,lower_middle,North America
Life expectancy at birth (years),Honduras,2019,Male,70,lower_middle,North America
Life expectancy at birth (years),Honduras,2018,Male,69.9,lower_middle,North America
Life expectancy at birth (years),Honduras,2017,Male,70,lower_middle,North America
Life expectancy at birth (years),Honduras,2016,Male,69.8,lower_middle,North America
Life expectancy at birth (years),Honduras,2015,Male,67.3,lower_middle,North America
Life expectancy at birth (years),Hungary,2020,Male,72.4,high_income,Europe
Life expectancy at birth (years),Hungary,2019,Male,73,high_income,Europe
Life expectancy at birth (years),Hungary,2018,Male,72.6,high_income,Europe
Life expectancy at birth (years),Hungary,2017,Male,72.5,high_income,Europe
Life expectancy at birth (years),Hungary,2016,Male,72.5,high_income,Europe
Life expectancy at birth (years),Hungary,2015,Male,72.2,high_income,Europe
Life expectancy at birth (years),Iceland,2020,Male,81.3,high_income,Europe
Life expectancy at birth (years),Iceland,2019,Male,81.1,high_income,Europe
Life expectancy at birth (years),Iceland,2018,Male,81,high_income,Europe
Life expectancy at birth (years),Iceland,2017,Male,80.8,high_income,Europe
Life expectancy at birth (years),Iceland,2016,Male,80.7,high_income,Europe
Life expectancy at birth (years),Iceland,2015,Male,80.7,high_income,Europe
Life expectancy at birth (years),India,2020,Male,68.4,lower_middle,Asia
Life expectancy at birth (years),India,2019,Male,69.2,lower_middle,Asia
Life expectancy at birth (years),India,2018,Male,68.9,lower_middle,Asia
Life expectancy at birth (years),India,2017,Male,68.7,lower_middle,Asia
Life expectancy at birth (years),India,2016,Male,68.4,lower_middle,Asia
Life expectancy at birth (years),India,2015,Male,67.9,lower_middle,Asia
Life expectancy at birth (years),Indonesia,2020,Male,67.6,upper_middle,Asia
Life expectancy at birth (years),Indonesia,2019,Male,69.5,upper_middle,Asia
Life expectancy at birth (years),Indonesia,2018,Male,69.4,upper_middle,Asia
Life expectancy at birth (years),Indonesia,2017,Male,69.2,upper_middle,Asia
Life expectancy at birth (years),Indonesia,2016,Male,69,upper_middle,Asia
Life expectancy at birth (years),Indonesia,2015,Male,68.8,upper_middle,Asia
Life expectancy at birth (years),Iran (Islamic Republic of),2020,Male,73.3,lower_middle,Asia
Life expectancy at birth (years),Iran (Islamic Republic of),2019,Male,76.4,lower_middle,Asia
Life expectancy at birth (years),Iran (Islamic Republic of),2018,Male,76.3,lower_middle,Asia
Life expectancy at birth (years),Iran (Islamic Republic of),2017,Male,76.1,lower_middle,Asia
Life expectancy at birth (years),Iran (Islamic Republic of),2016,Male,75.9,lower_middle,Asia
Life expectancy at birth (years),Iran (Islamic Republic of),2015,Male,75.8,lower_middle,Asia
Life expectancy at birth (years),Iraq,2020,Male,67.1,upper_middle,Asia
Life expectancy at birth (years),Iraq,2019,Male,70.3,upper_middle,Asia
Life expectancy at birth (years),Iraq,2018,Male,70.4,upper_middle,Asia
Life expectancy at birth (years),Iraq,2017,Male,68.2,upper_middle,Asia
Life expectancy at birth (years),Iraq,2016,Male,67.5,upper_middle,Asia
Life expectancy at birth (years),Iraq,2015,Male,67.5,upper_middle,Asia
Life expectancy at birth (years),Ireland,2020,Male,79.9,high_income,Europe
Life expectancy at birth (years),Ireland,2019,Male,80.3,high_income,Europe
Life expectancy at birth (years),Ireland,2018,Male,80,high_income,Europe
Life expectancy at birth (years),Ireland,2017,Male,79.8,high_income,Europe
Life expectancy at birth (years),Ireland,2016,Male,79.6,high_income,Europe
Life expectancy at birth (years),Ireland,2015,Male,79.3,high_income,Europe
Life expectancy at birth (years),Israel,2020,Male,80.4,high_income,Asia
Life expectancy at birth (years),Israel,2019,Male,80.7,high_income,Asia
Life expectancy at birth (years),Israel,2018,Male,80.7,high_income,Asia
Life expectancy at birth (years),Israel,2017,Male,80.4,high_income,Asia
Life expectancy at birth (years),Israel,2016,Male,80.4,high_income,Asia
Life expectancy at birth (years),Israel,2015,Male,79.9,high_income,Asia
Life expectancy at birth (years),Italy,2020,Male,79.8,high_income,Europe
Life expectancy at birth (years),Italy,2019,Male,80.9,high_income,Europe
Life expectancy at birth (years),Italy,2018,Male,80.7,high_income,Europe
Life expectancy at birth (years),Italy,2017,Male,80.4,high_income,Europe
Life expectancy at birth (years),Italy,2016,Male,80.7,high_income,Europe
Life expectancy at birth (years),Italy,2015,Male,80,high_income,Europe
Life expectancy at birth (years),Jamaica,2020,Male,70.1,upper_middle,North America
Life expectancy at birth (years),Jamaica,2019,Male,69.5,upper_middle,North America
Life expectancy at birth (years),Jamaica,2018,Male,69.6,upper_middle,North America
Life expectancy at birth (years),Jamaica,2017,Male,69.4,upper_middle,North America
Life expectancy at birth (years),Jamaica,2016,Male,69.6,upper_middle,North America
Life expectancy at birth (years),Jamaica,2015,Male,69.7,upper_middle,North America
Life expectancy at birth (years),Japan,2020,Male,81.9,high_income,Asia
Life expectancy at birth (years),Japan,2019,Male,81.7,high_income,Asia
Life expectancy at birth (years),Japan,2018,Male,81.6,high_income,Asia
Life expectancy at birth (years),Japan,2017,Male,81.4,high_income,Asia
Life expectancy at birth (years),Japan,2016,Male,81.3,high_income,Asia
Life expectancy at birth (years),Japan,2015,Male,81.1,high_income,Asia
Life expectancy at birth (years),Jordan,2020,Male,76.6,lower_middle,Asia
Life expectancy at birth (years),Jordan,2019,Male,79.7,lower_middle,Asia
Life expectancy at birth (years),Jordan,2018,Male,79.7,lower_middle,Asia
Life expectancy at birth (years),Jordan,2017,Male,79.3,lower_middle,Asia
Life expectancy at birth (years),Jordan,2016,Male,79,lower_middle,Asia
Life expectancy at birth (years),Jordan,2015,Male,78.7,lower_middle,Asia
Life expectancy at birth (years),Kazakhstan,2020,Male,67,upper_middle,Europe
Life expectancy at birth (years),Kazakhstan,2019,Male,68.8,upper_middle,Europe
Life expectancy at birth (years),Kazakhstan,2018,Male,68.9,upper_middle,Europe
Life expectancy at birth (years),Kazakhstan,2017,Male,68.7,upper_middle,Europe
Life expectancy at birth (years),Kazakhstan,2016,Male,67.9,upper_middle,Europe
Life expectancy at birth (years),Kazakhstan,2015,Male,67.4,upper_middle,Europe
Life expectancy at birth (years),Kenya,2020,Male,64.1,lower_middle,Africa
Life expectancy at birth (years),Kenya,2019,Male,64.1,lower_middle,Africa
Life expectancy at birth (years),Kenya,2018,Male,63.6,lower_middle,Africa
Life expectancy at birth (years),Kenya,2017,Male,63.1,lower_middle,Africa
Life expectancy at birth (years),Kenya,2016,Male,62.6,lower_middle,Africa
Life expectancy at birth (years),Kenya,2015,Male,61.9,lower_middle,Africa
Life expectancy at birth (years),Kiribati,2020,Male,58.5,lower_middle,Oceania
Life expectancy at birth (years),Kiribati,2019,Male,58.9,lower_middle,Oceania
Life expectancy at birth (years),Kiribati,2018,Male,56.9,lower_middle,Oceania
Life expectancy at birth (years),Kiribati,2017,Male,58.6,lower_middle,Oceania
Life expectancy at birth (years),Kiribati,2016,Male,58.5,lower_middle,Oceania
Life expectancy at birth (years),Kiribati,2015,Male,58.4,lower_middle,Oceania
Life expectancy at birth (years),Kuwait,2020,Male,76.5,high_income,Asia
Life expectancy at birth (years),Kuwait,2019,Male,80.3,high_income,Asia
Life expectancy at birth (years),Kuwait,2018,Male,80.8,high_income,Asia
Life expectancy at birth (years),Kuwait,2017,Male,80.4,high_income,Asia
Life expectancy at birth (years),Kuwait,2016,Male,80.6,high_income,Asia
Life expectancy at birth (years),Kuwait,2015,Male,79.2,high_income,Asia
Life expectancy at birth (years),Kyrgyzstan,2020,Male,67.8,lower_middle,Asia
Life expectancy at birth (years),Kyrgyzstan,2019,Male,69.9,lower_middle,Asia
Life expectancy at birth (years),Kyrgyzstan,2018,Male,69.7,lower_middle,Asia
Life expectancy at birth (years),Kyrgyzstan,2017,Male,69.1,lower_middle,Asia
Life expectancy at birth (years),Kyrgyzstan,2016,Male,69.1,lower_middle,Asia
Life expectancy at birth (years),Kyrgyzstan,2015,Male,67.8,lower_middle,Asia
Life expectancy at birth (years),Lao People's Democratic Republic,2020,Male,66.2,lower_middle,Asia
Life expectancy at birth (years),Lao People's Democratic Republic,2019,Male,66.1,lower_middle,Asia
Life expectancy at birth (years),Lao People's Democratic Republic,2018,Male,65.9,lower_middle,Asia
Life expectancy at birth (years),Lao People's Democratic Republic,2017,Male,65.5,lower_middle,Asia
Life expectancy at birth (years),Lao People's Democratic Republic,2016,Male,65.1,lower_middle,Asia
Life expectancy at birth (years),Lao People's Democratic Republic,2015,Male,64.7,lower_middle,Asia
Life expectancy at birth (years),Latvia,2020,Male,70.9,high_income,Europe
Life expectancy at birth (years),Latvia,2019,Male,71.1,high_income,Europe
Life expectancy at birth (years),Latvia,2018,Male,70.3,high_income,Europe
Life expectancy at birth (years),Latvia,2017,Male,70.1,high_income,Europe
Life expectancy at birth (years),Latvia,2016,Male,70,high_income,Europe
Life expectancy at birth (years),Latvia,2015,Male,70,high_income,Europe
Life expectancy at birth (years),Lebanon,2020,Male,74.9,lower_middle,Asia
Life expectancy at birth (years),Lebanon,2019,Male,76.9,lower_middle,Asia
Life expectancy at birth (years),Lebanon,2018,Male,77,lower_middle,Asia
Life expectancy at birth (years),Lebanon,2017,Male,76.6,lower_middle,Asia
Life expectancy at birth (years),Lebanon,2016,Male,76.3,lower_middle,Asia
Life expectancy at birth (years),Lebanon,2015,Male,75.9,lower_middle,Asia
Life expectancy at birth (years),Lesotho,2020,Male,48.9,lower_middle,Africa
Life expectancy at birth (years),Lesotho,2019,Male,49,lower_middle,Africa
Life expectancy at birth (years),Lesotho,2018,Male,48.8,lower_middle,Africa
Life expectancy at birth (years),Lesotho,2017,Male,48.4,lower_middle,Africa
Life expectancy at birth (years),Lesotho,2016,Male,47.4,lower_middle,Africa
Life expectancy at birth (years),Lesotho,2015,Male,46.3,lower_middle,Africa
Life expectancy at birth (years),Liberia,2020,Male,62.5,lower_income,Africa
Life expectancy at birth (years),Liberia,2019,Male,62.7,lower_income,Africa
Life expectancy at birth (years),Liberia,2018,Male,62.3,lower_income,Africa
Life expectancy at birth (years),Liberia,2017,Male,61.9,lower_income,Africa
Life expectancy at birth (years),Liberia,2016,Male,61.7,lower_income,Africa
Life expectancy at birth (years),Liberia,2015,Male,60.1,lower_income,Africa
Life expectancy at birth (years),Libya,2020,Male,70.4,upper_middle,Africa
Life expectancy at birth (years),Libya,2019,Male,71.5,upper_middle,Africa
Life expectancy at birth (years),Libya,2018,Male,71.5,upper_middle,Africa
Life expectancy at birth (years),Libya,2017,Male,71,upper_middle,Africa
Life expectancy at birth (years),Libya,2016,Male,70.2,upper_middle,Africa
Life expectancy at birth (years),Libya,2015,Male,70.2,upper_middle,Africa
Life expectancy at birth (years),Lithuania,2020,Male,70,high_income,Europe
Life expectancy at birth (years),Lithuania,2019,Male,71.5,high_income,Europe
Life expectancy at birth (years),Lithuania,2018,Male,70.9,high_income,Europe
Life expectancy at birth (years),Lithuania,2017,Male,70.6,high_income,Europe
Life expectancy at birth (years),Lithuania,2016,Male,69.4,high_income,Europe
Life expectancy at birth (years),Lithuania,2015,Male,69.1,high_income,Europe
Life expectancy at birth (years),Luxembourg,2020,Male,80.9,high_income,Europe
Life expectancy at birth (years),Luxembourg,2019,Male,80.8,high_income,Europe
Life expectancy at birth (years),Luxembourg,2018,Male,80.9,high_income,Europe
Life expectancy at birth (years),Luxembourg,2017,Male,80.7,high_income,Europe
Life expectancy at birth (years),Luxembourg,2016,Male,80.6,high_income,Europe
Life expectancy at birth (years),Luxembourg,2015,Male,80.4,high_income,Europe
Life expectancy at birth (years),Madagascar,2020,Male,61.9,lower_income,Africa
Life expectancy at birth (years),Madagascar,2019,Male,62.8,lower_income,Africa
Life expectancy at birth (years),Madagascar,2018,Male,62.7,lower_income,Africa
Life expectancy at birth (years),Madagascar,2017,Male,62.6,lower_income,Africa
Life expectancy at birth (years),Madagascar,2016,Male,62.4,lower_income,Africa
Life expectancy at birth (years),Madagascar,2015,Male,62.3,lower_income,Africa
Life expectancy at birth (years),Malawi,2020,Male,60.7,lower_income,Africa
Life expectancy at birth (years),Malawi,2019,Male,60.4,lower_income,Africa
Life expectancy at birth (years),Malawi,2018,Male,60.1,lower_income,Africa
Life expectancy at birth (years),Malawi,2017,Male,59.6,lower_income,Africa
Life expectancy at birth (years),Malawi,2016,Male,59.2,lower_income,Africa
Life expectancy at birth (years),Malawi,2015,Male,58.9,lower_income,Africa
Life expectancy at birth (years),Malaysia,2020,Male,75.5,upper_middle,Asia
Life expectancy at birth (years),Malaysia,2019,Male,72.7,upper_middle,Asia
Life expectancy at birth (years),Malaysia,2018,Male,72.6,upper_middle,Asia
Life expectancy at birth (years),Malaysia,2017,Male,72.7,upper_middle,Asia
Life expectancy at birth (years),Malaysia,2016,Male,72.6,upper_middle,Asia
Life expectancy at birth (years),Malaysia,2015,Male,72.5,upper_middle,Asia
Life expectancy at birth (years),Maldives,2020,Male,74.9,upper_middle,Asia
Life expectancy at birth (years),Maldives,2019,Male,74.4,upper_middle,Asia
Life expectancy at birth (years),Maldives,2018,Male,77.2,upper_middle,Asia
Life expectancy at birth (years),Maldives,2017,Male,76.6,upper_middle,Asia
Life expectancy at birth (years),Maldives,2016,Male,76.1,upper_middle,Asia
Life expectancy at birth (years),Maldives,2015,Male,75.7,upper_middle,Asia
Life expectancy at birth (years),Mali,2020,Male,60.7,lower_income,Africa
Life expectancy at birth (years),Mali,2019,Male,61.3,lower_income,Africa
Life expectancy at birth (years),Mali,2018,Male,60.8,lower_income,Africa
Life expectancy at birth (years),Mali,2017,Male,60.6,lower_income,Africa
Life expectancy at birth (years),Mali,2016,Male,60.2,lower_income,Africa
Life expectancy at birth (years),Mali,2015,Male,59.6,lower_income,Africa
Life expectancy at birth (years),Malta,2020,Male,80.2,high_income,Europe
Life expectancy at birth (years),Malta,2019,Male,80.3,high_income,Europe
Life expectancy at birth (years),Malta,2018,Male,80.5,high_income,Europe
Life expectancy at birth (years),Malta,2017,Male,80.2,high_income,Europe
Life expectancy at birth (years),Malta,2016,Male,80,high_income,Europe
Life expectancy at birth (years),Malta,2015,Male,79.7,high_income,Europe
Life expectancy at birth (years),Mauritania,2020,Male,68.2,lower_middle,Africa
Life expectancy at birth (years),Mauritania,2019,Male,70,lower_middle,Africa
Life expectancy at birth (years),Mauritania,2018,Male,69.9,lower_middle,Africa
Life expectancy at birth (years),Mauritania,2017,Male,69.7,lower_middle,Africa
Life expectancy at birth (years),Mauritania,2016,Male,69.6,lower_middle,Africa
Life expectancy at birth (years),Mauritania,2015,Male,69.5,lower_middle,Africa
Life expectancy at birth (years),Mauritius,2020,Male,70.3,upper_middle,Africa
Life expectancy at birth (years),Mauritius,2019,Male,70.8,upper_middle,Africa
Life expectancy at birth (years),Mauritius,2018,Male,70.9,upper_middle,Africa
Life expectancy at birth (years),Mauritius,2017,Male,70.9,upper_middle,Africa
Life expectancy at birth (years),Mauritius,2016,Male,71,upper_middle,Africa
Life expectancy at birth (years),Mauritius,2015,Male,70.9,upper_middle,Africa
Life expectancy at birth (years),Mexico,2020,Male,67.1,upper_middle,North America
Life expectancy at birth (years),Mexico,2019,Male,72.8,upper_middle,North America
Life expectancy at birth (years),Mexico,2018,Male,72.9,upper_middle,North America
Life expectancy at birth (years),Mexico,2017,Male,73,upper_middle,North America
Life expectancy at birth (years),Mexico,2016,Male,73,upper_middle,North America
Life expectancy at birth (years),Mexico,2015,Male,73.3,upper_middle,North America
Life expectancy at birth (years),Micronesia (Federated States of),2020,Male,62.8,lower_middle,Oceania
Life expectancy at birth (years),Micronesia (Federated States of),2019,Male,63.3,lower_middle,Oceania
Life expectancy at birth (years),Micronesia (Federated States of),2018,Male,63.2,lower_middle,Oceania
Life expectancy at birth (years),Micronesia (Federated States of),2017,Male,63,lower_middle,Oceania
Life expectancy at birth (years),Micronesia (Federated States of),2016,Male,62.9,lower_middle,Oceania
Life expectancy at birth (years),Micronesia (Federated States of),2015,Male,62.7,lower_middle,Oceania
Life expectancy at birth (years),Mongolia,2020,Male,68.5,lower_middle,Asia
Life expectancy at birth (years),Mongolia,2019,Male,66.3,lower_middle,Asia
Life expectancy at birth (years),Mongolia,2018,Male,66.1,lower_middle,Asia
Life expectancy at birth (years),Mongolia,2017,Male,65.9,lower_middle,Asia
Life expectancy at birth (years),Mongolia,2016,Male,65.5,lower_middle,Asia
Life expectancy at birth (years),Mongolia,2015,Male,65.2,lower_middle,Asia
Life expectancy at birth (years),Montenegro,2020,Male,72.4,upper_middle,Europe
Life expectancy at birth (years),Montenegro,2019,Male,73.9,upper_middle,Europe
Life expectancy at birth (years),Montenegro,2018,Male,74.3,upper_middle,Europe
Life expectancy at birth (years),Montenegro,2017,Male,74.2,upper_middle,Europe
Life expectancy at birth (years),Montenegro,2016,Male,74.2,upper_middle,Europe
Life expectancy at birth (years),Montenegro,2015,Male,74.2,upper_middle,Europe
Life expectancy at birth (years),Morocco,2020,Male,71.2,lower_middle,Africa
Life expectancy at birth (years),Morocco,2019,Male,72.9,lower_middle,Africa
Life expectancy at birth (years),Morocco,2018,Male,72.7,lower_middle,Africa
Life expectancy at birth (years),Morocco,2017,Male,72.7,lower_middle,Africa
Life expectancy at birth (years),Morocco,2016,Male,72.5,lower_middle,Africa
Life expectancy at birth (years),Morocco,2015,Male,72.4,lower_middle,Africa
Life expectancy at birth (years),Mozambique,2020,Male,55.5,lower_income,Africa
Life expectancy at birth (years),Mozambique,2019,Male,55.4,lower_income,Africa
Life expectancy at birth (years),Mozambique,2018,Male,54.8,lower_income,Africa
Life expectancy at birth (years),Mozambique,2017,Male,54.2,lower_income,Africa
Life expectancy at birth (years),Mozambique,2016,Male,53.6,lower_income,Africa
Life expectancy at birth (years),Mozambique,2015,Male,53,lower_income,Africa
Life expectancy at birth (years),Myanmar,2020,Male,65.7,lower_middle,Asia
Life expectancy at birth (years),Myanmar,2019,Male,65.7,lower_middle,Asia
Life expectancy at birth (years),Myanmar,2018,Male,65.5,lower_middle,Asia
Life expectancy at birth (years),Myanmar,2017,Male,64.8,lower_middle,Asia
Life expectancy at birth (years),Myanmar,2016,Male,64.8,lower_middle,Asia
Life expectancy at birth (years),Myanmar,2015,Male,64.3,lower_middle,Asia
Life expectancy at birth (years),Namibia,2020,Male,60.3,upper_middle,Africa
Life expectancy at birth (years),Namibia,2019,Male,60,upper_middle,Africa
Life expectancy at birth (years),Namibia,2018,Male,59.4,upper_middle,Africa
Life expectancy at birth (years),Namibia,2017,Male,59.1,upper_middle,Africa
Life expectancy at birth (years),Namibia,2016,Male,59,upper_middle,Africa
Life expectancy at birth (years),Namibia,2015,Male,58.8,upper_middle,Africa
Life expectancy at birth (years),Nepal,2020,Male,69,lower_middle,Asia
Life expectancy at birth (years),Nepal,2019,Male,69.6,lower_middle,Asia
Life expectancy at birth (years),Nepal,2018,Male,69.3,lower_middle,Asia
Life expectancy at birth (years),Nepal,2017,Male,69,lower_middle,Asia
Life expectancy at birth (years),Nepal,2016,Male,68.8,lower_middle,Asia
Life expectancy at birth (years),Nepal,2015,Male,68.1,lower_middle,Asia
Life expectancy at birth (years),Netherlands (Kingdom of the),2020,Male,79.8,high_income,Europe
Life expectancy at birth (years),Netherlands (Kingdom of the),2019,Male,80.8,high_income,Europe
Life expectancy at birth (years),Netherlands (Kingdom of the),2018,Male,80.4,high_income,Europe
Life expectancy at birth (years),Netherlands (Kingdom of the),2017,Male,80,high_income,Europe
Life expectancy at birth (years),Netherlands (Kingdom of the),2016,Male,79.8,high_income,Europe
Life expectancy at birth (years),Netherlands (Kingdom of the),2015,Male,79.7,high_income,Europe
Life expectancy at birth (years),New Zealand,2020,Male,80.7,high_income,Oceania
Life expectancy at birth (years),New Zealand,2019,Male,80.2,high_income,Oceania
Life expectancy at birth (years),New Zealand,2018,Male,80.1,high_income,Oceania
Life expectancy at birth (years),New Zealand,2017,Male,79.5,high_income,Oceania
Life expectancy at birth (years),New Zealand,2016,Male,80.1,high_income,Oceania
Life expectancy at birth (years),New Zealand,2015,Male,79.7,high_income,Oceania
Life expectancy at birth (years),Nicaragua,2020,Male,71.7,lower_middle,North America
Life expectancy at birth (years),Nicaragua,2019,Male,76.3,lower_middle,North America
Life expectancy at birth (years),Nicaragua,2018,Male,75.6,lower_middle,North America
Life expectancy at birth (years),Nicaragua,2017,Male,76,lower_middle,North America
Life expectancy at birth (years),Nicaragua,2016,Male,75.1,lower_middle,North America
Life expectancy at birth (years),Nicaragua,2015,Male,75.6,lower_middle,North America
Life expectancy at birth (years),Niger,2020,Male,59.2,lower_income,Africa
Life expectancy at birth (years),Niger,2019,Male,59.6,lower_income,Africa
Life expectancy at birth (years),Niger,2018,Male,59.6,lower_income,Africa
Life expectancy at birth (years),Niger,2017,Male,59.3,lower_income,Africa
Life expectancy at birth (years),Niger,2016,Male,58.9,lower_income,Africa
Life expectancy at birth (years),Niger,2015,Male,58.7,lower_income,Africa
Life expectancy at birth (years),Nigeria,2020,Male,61.3,lower_middle,Africa
Life expectancy at birth (years),Nigeria,2019,Male,61.7,lower_middle,Africa
Life expectancy at birth (years),Nigeria,2018,Male,61.3,lower_middle,Africa
Life expectancy at birth (years),Nigeria,2017,Male,60.9,lower_middle,Africa
Life expectancy at birth (years),Nigeria,2016,Male,60.6,lower_middle,Africa
Life expectancy at birth (years),Nigeria,2015,Male,60.2,lower_middle,Africa
Life expectancy at birth (years),North Macedonia,2020,Male,72.1,upper_middle,Europe
Life expectancy at birth (years),North Macedonia,2019,Male,76.3,upper_middle,Europe
Life expectancy at birth (years),North Macedonia,2018,Male,74.4,upper_middle,Europe
Life expectancy at birth (years),North Macedonia,2017,Male,74,upper_middle,Europe
Life expectancy at birth (years),North Macedonia,2016,Male,73.5,upper_middle,Europe
Life expectancy at birth (years),North Macedonia,2015,Male,73.4,upper_middle,Europe
Life expectancy at birth (years),Norway,2020,Male,81.3,high_income,Europe
Life expectancy at birth (years),Norway,2019,Male,81.1,high_income,Europe
Life expectancy at birth (years),Norway,2018,Male,80.9,high_income,Europe
Life expectancy at birth (years),Norway,2017,Male,80.8,high_income,Europe
Life expectancy at birth (years),Norway,2016,Male,80.5,high_income,Europe
Life expectancy at birth (years),Norway,2015,Male,80.3,high_income,Europe
Life expectancy at birth (years),Oman,2020,Male,72,high_income,Asia
Life expectancy at birth (years),Oman,2019,Male,73.1,high_income,Asia
Life expectancy at birth (years),Oman,2018,Male,72.8,high_income,Asia
Life expectancy at birth (years),Oman,2017,Male,72,high_income,Asia
Life expectancy at birth (years),Oman,2016,Male,71.6,high_income,Asia
Life expectancy at birth (years),Oman,2015,Male,71.7,high_income,Asia
Life expectancy at birth (years),Pakistan,2020,Male,64.7,lower_middle,Asia
Life expectancy at birth (years),Pakistan,2019,Male,66.3,lower_middle,Asia
Life expectancy at birth (years),Pakistan,2018,Male,66,lower_middle,Asia
Life expectancy at birth (years),Pakistan,2017,Male,65.6,lower_middle,Asia
Life expectancy at birth (years),Pakistan,2016,Male,65.3,lower_middle,Asia
Life expectancy at birth (years),Pakistan,2015,Male,64.9,lower_middle,Asia
Life expectancy at birth (years),Panama,2020,Male,74.4,high_income,North America
Life expectancy at birth (years),Panama,2019,Male,76.2,high_income,North America
Life expectancy at birth (years),Panama,2018,Male,75.8,high_income,North America
Life expectancy at birth (years),Panama,2017,Male,75.6,high_income,North America
Life expectancy at birth (years),Panama,2016,Male,75.4,high_income,North America
Life expectancy at birth (years),Panama,2015,Male,75.4,high_income,North America
Life expectancy at birth (years),Papua New Guinea,2020,Male,64.9,lower_middle,Oceania
Life expectancy at birth (years),Papua New Guinea,2019,Male,65.6,lower_middle,Oceania
Life expectancy at birth (years),Papua New Guinea,2018,Male,65.4,lower_middle,Oceania
Life expectancy at birth (years),Papua New Guinea,2017,Male,65.4,lower_middle,Oceania
Life expectancy at birth (years),Papua New Guinea,2016,Male,65.2,lower_middle,Oceania
Life expectancy at birth (years),Papua New Guinea,2015,Male,65,lower_middle,Oceania
Life expectancy at birth (years),Paraguay,2020,Male,72.4,upper_middle,South America
Life expectancy at birth (years),Paraguay,2019,Male,72.2,upper_middle,South America
Life expectancy at birth (years),Paraguay,2018,Male,72.4,upper_middle,South America
Life expectancy at birth (years),Paraguay,2017,Male,72.7,upper_middle,South America
Life expectancy at birth (years),Paraguay,2016,Male,72.1,upper_middle,South America
Life expectancy at birth (years),Paraguay,2015,Male,72.4,upper_middle,South America
Life expectancy at birth (years),Peru,2020,Male,69.5,upper_middle,South America
Life expectancy at birth (years),Peru,2019,Male,76.7,upper_middle,South America
Life expectancy at birth (years),Peru,2018,Male,77.5,upper_middle,South America
Life expectancy at birth (years),Peru,2017,Male,77.9,upper_middle,South America
Life expectancy at birth (years),Peru,2016,Male,78.5,upper_middle,South America
Life expectancy at birth (years),Peru,2015,Male,78.7,upper_middle,South America
Life expectancy at birth (years),Philippines,2020,Male,66,lower_middle,Asia
Life expectancy at birth (years),Philippines,2019,Male,66,lower_middle,Asia
Life expectancy at birth (years),Philippines,2018,Male,66.3,lower_middle,Asia
Life expectancy at birth (years),Philippines,2017,Male,66,lower_middle,Asia
Life expectancy at birth (years),Philippines,2016,Male,65.6,lower_middle,Asia
Life expectancy at birth (years),Philippines,2015,Male,65.8,lower_middle,Asia
Life expectancy at birth (years),Poland,2020,Male,72.4,high_income,Europe
Life expectancy at birth (years),Poland,2019,Male,73.9,high_income,Europe
Life expectancy at birth (years),Poland,2018,Male,73.7,high_income,Europe
Life expectancy at birth (years),Poland,2017,Male,73.7,high_income,Europe
Life expectancy at birth (years),Poland,2016,Male,73.7,high_income,Europe
Life expectancy at birth (years),Poland,2015,Male,73.4,high_income,Europe
Life expectancy at birth (years),Portugal,2020,Male,77.8,high_income,Europe
Life expectancy at birth (years),Portugal,2019,Male,78.4,high_income,Europe
Life expectancy at birth (years),Portugal,2018,Male,78,high_income,Europe
Life expectancy at birth (years),Portugal,2017,Male,78.1,high_income,Europe
Life expectancy at birth (years),Portugal,2016,Male,77.9,high_income,Europe
Life expectancy at birth (years),Portugal,2015,Male,77.9,high_income,Europe
Life expectancy at birth (years),Puerto Rico,2020,Male,76.1,high_income,North America
Life expectancy at birth (years),Puerto Rico,2019,Male,76.9,high_income,North America
Life expectancy at birth (years),Puerto Rico,2018,Male,77,high_income,North America
Life expectancy at birth (years),Puerto Rico,2017,Male,75,high_income,North America
Life expectancy at birth (years),Puerto Rico,2016,Male,77,high_income,North America
Life expectancy at birth (years),Puerto Rico,2015,Male,77.1,high_income,North America
Life expectancy at birth (years),Qatar,2020,Male,76.6,high_income,Asia
Life expectancy at birth (years),Qatar,2019,Male,78.5,high_income,Asia
Life expectancy at birth (years),Qatar,2018,Male,78.2,high_income,Asia
Life expectancy at birth (years),Qatar,2017,Male,78.2,high_income,Asia
Life expectancy at birth (years),Qatar,2016,Male,77.9,high_income,Asia
Life expectancy at birth (years),Qatar,2015,Male,77.4,high_income,Asia
Life expectancy at birth (years),Republic of Korea,2020,Male,80.7,high_income,Asia
Life expectancy at birth (years),Republic of Korea,2019,Male,80.6,high_income,Asia
Life expectancy at birth (years),Republic of Korea,2018,Male,80,high_income,Asia
Life expectancy at birth (years),Republic of Korea,2017,Male,79.9,high_income,Asia
Life expectancy at birth (years),Republic of Korea,2016,Male,79.5,high_income,Asia
Life expectancy at birth (years),Republic of Korea,2015,Male,79.1,high_income,Asia
Life expectancy at birth (years),Republic of Moldova,2020,Male,68.3,upper_middle,Europe
Life expectancy at birth (years),Republic of Moldova,2019,Male,69.3,upper_middle,Europe
Life expectancy at birth (years),Republic of Moldova,2018,Male,68.9,upper_middle,Europe
Life expectancy at birth (years),Republic of Moldova,2017,Male,69,upper_middle,Europe
Life expectancy at birth (years),Republic of Moldova,2016,Male,67.8,upper_middle,Europe
Life expectancy at birth (years),Republic of Moldova,2015,Male,67.2,upper_middle,Europe
Life expectancy at birth (years),Romania,2020,Male,70.3,high_income,Europe
Life expectancy at birth (years),Romania,2019,Male,71.8,high_income,Europe
Life expectancy at birth (years),Romania,2018,Male,71.5,high_income,Europe
Life expectancy at birth (years),Romania,2017,Male,71.5,high_income,Europe
Life expectancy at birth (years),Romania,2016,Male,71.5,high_income,Europe
Life expectancy at birth (years),Romania,2015,Male,71.4,high_income,Europe
Life expectancy at birth (years),Russian Federation,2020,Male,66.4,upper_middle,Asia
Life expectancy at birth (years),Russian Federation,2019,Male,68.2,upper_middle,Asia
Life expectancy at birth (years),Russian Federation,2018,Male,67.5,upper_middle,Asia
Life expectancy at birth (years),Russian Federation,2017,Male,67.3,upper_middle,Asia
Life expectancy at birth (years),Russian Federation,2016,Male,66.3,upper_middle,Asia
Life expectancy at birth (years),Russian Federation,2015,Male,65.8,upper_middle,Asia
Life expectancy at birth (years),Rwanda,2020,Male,66,lower_income,Africa
Life expectancy at birth (years),Rwanda,2019,Male,65.7,lower_income,Africa
Life expectancy at birth (years),Rwanda,2018,Male,65.6,lower_income,Africa
Life expectancy at birth (years),Rwanda,2017,Male,65.4,lower_income,Africa
Life expectancy at birth (years),Rwanda,2016,Male,65.1,lower_income,Africa
Life expectancy at birth (years),Rwanda,2015,Male,64.9,lower_income,Africa
Life expectancy at birth (years),Saint Lucia,2020,Male,72,upper_middle,North America
Life expectancy at birth (years),Saint Lucia,2019,Male,72.5,upper_middle,North America
Life expectancy at birth (years),Saint Lucia,2018,Male,72.5,upper_middle,North America
Life expectancy at birth (years),Saint Lucia,2017,Male,72.5,upper_middle,North America
Life expectancy at birth (years),Saint Lucia,2016,Male,72.5,upper_middle,North America
Life expectancy at birth (years),Saint Lucia,2015,Male,72.8,upper_middle,North America
Life expectancy at birth (years),Saint Vincent and the Grenadines,2020,Male,70.3,upper_middle,North America
Life expectancy at birth (years),Saint Vincent and the Grenadines,2019,Male,70.8,upper_middle,North America
Life expectancy at birth (years),Saint Vincent and the Grenadines,2018,Male,71,upper_middle,North America
Life expectancy at birth (years),Saint Vincent and the Grenadines,2017,Male,71,upper_middle,North America
Life expectancy at birth (years),Saint Vincent and the Grenadines,2016,Male,70.8,upper_middle,North America
Life expectancy at birth (years),Saint Vincent and the Grenadines,2015,Male,70.6,upper_middle,North America
Life expectancy at birth (years),Samoa,2020,Male,68.7,lower_middle,Oceania
Life expectancy at birth (years),Samoa,2019,Male,68.8,lower_middle,Oceania
Life expectancy at birth (years),Samoa,2018,Male,68.9,lower_middle,Oceania
Life expectancy at birth (years),Samoa,2017,Male,68.7,lower_middle,Oceania
Life expectancy at birth (years),Samoa,2016,Male,68.7,lower_middle,Oceania
Life expectancy at birth (years),Samoa,2015,Male,68.8,lower_middle,Oceania
Life expectancy at birth (years),Sao Tome and Principe,2020,Male,69.5,lower_middle,Africa
Life expectancy at birth (years),Sao Tome and Principe,2019,Male,70.2,lower_middle,Africa
Life expectancy at birth (years),Sao Tome and Principe,2018,Male,70,lower_middle,Africa
Life expectancy at birth (years),Sao Tome and Principe,2017,Male,69.8,lower_middle,Africa
Life expectancy at birth (years),Sao Tome and Principe,2016,Male,69.5,lower_middle,Africa
Life expectancy at birth (years),Sao Tome and Principe,2015,Male,69.2,lower_middle,Africa
Life expectancy at birth (years),Saudi Arabia,2020,Male,74.9,high_income,Asia
Life expectancy at birth (years),Saudi Arabia,2019,Male,76.5,high_income,Asia
Life expectancy at birth (years),Saudi Arabia,2018,Male,76.4,high_income,Asia
Life expectancy at birth (years),Saudi Arabia,2017,Male,76.4,high_income,Asia
Life expectancy at birth (years),Saudi Arabia,2016,Male,76.4,high_income,Asia
Life expectancy at birth (years),Saudi Arabia,2015,Male,76.4,high_income,Asia
Life expectancy at birth (years),Senegal,2020,Male,66.6,lower_middle,Africa
Life expectancy at birth (years),Senegal,2019,Male,67.1,lower_middle,Africa
Life expectancy at birth (years),Senegal,2018,Male,66.8,lower_middle,Africa
Life expectancy at birth (years),Senegal,2017,Male,66.5,lower_middle,Africa
Life expectancy at birth (years),Senegal,2016,Male,66.1,lower_middle,Africa
Life expectancy at birth (years),Senegal,2015,Male,65.7,lower_middle,Africa
Life expectancy at birth (years),Serbia,2020,Male,71.5,upper_middle,Europe
Life expectancy at birth (years),Serbia,2019,Male,73.3,upper_middle,Europe
Life expectancy at birth (years),Serbia,2018,Male,73.3,upper_middle,Europe
Life expectancy at birth (years),Serbia,2017,Male,73.1,upper_middle,Europe
Life expectancy at birth (years),Serbia,2016,Male,73.1,upper_middle,Europe
Life expectancy at birth (years),Serbia,2015,Male,72.7,upper_middle,Europe
Life expectancy at birth (years),Seychelles,2020,Male,75.3,high_income,Africa
Life expectancy at birth (years),Seychelles,2019,Male,70.1,high_income,Africa
Life expectancy at birth (years),Seychelles,2018,Male,70,high_income,Africa
Life expectancy at birth (years),Seychelles,2017,Male,70,high_income,Africa
Life expectancy at birth (years),Seychelles,2016,Male,70,high_income,Africa
Life expectancy at birth (years),Seychelles,2015,Male,70.1,high_income,Africa
Life expectancy at birth (years),Sierra Leone,2020,Male,59.4,lower_income,Africa
Life expectancy at birth (years),Sierra Leone,2019,Male,59.5,lower_income,Africa
Life expectancy at birth (years),Sierra Leone,2018,Male,59,lower_income,Africa
Life expectancy at birth (years),Sierra Leone,2017,Male,58.3,lower_income,Africa
Life expectancy at birth (years),Sierra Leone,2016,Male,57.9,lower_income,Africa
Life expectancy at birth (years),Sierra Leone,2015,Male,56.1,lower_income,Africa
Life expectancy at birth (years),Singapore,2020,Male,81.7,high_income,Asia
Life expectancy at birth (years),Singapore,2019,Male,81.8,high_income,Asia
Life expectancy at birth (years),Singapore,2018,Male,81.4,high_income,Asia
Life expectancy at birth (years),Singapore,2017,Male,81.1,high_income,Asia
Life expectancy at birth (years),Singapore,2016,Male,81,high_income,Asia
Life expectancy at birth (years),Singapore,2015,Male,80.7,high_income,Asia
Life expectancy at birth (years),Slovakia,2020,Male,73.5,high_income,Europe
Life expectancy at birth (years),Slovakia,2019,Male,74.2,high_income,Europe
Life expectancy at birth (years),Slovakia,2018,Male,73.8,high_income,Europe
Life expectancy at birth (years),Slovakia,2017,Male,73.7,high_income,Europe
Life expectancy at birth (years),Slovakia,2016,Male,73.7,high_income,Europe
Life expectancy at birth (years),Slovakia,2015,Male,73.1,high_income,Europe
Life expectancy at birth (years),Slovenia,2020,Male,77.7,high_income,Europe
Life expectancy at birth (years),Slovenia,2019,Male,78.6,high_income,Europe
Life expectancy at birth (years),Slovenia,2018,Male,78.2,high_income,Europe
Life expectancy at birth (years),Slovenia,2017,Male,78,high_income,Europe
Life expectancy at birth (years),Slovenia,2016,Male,77.9,high_income,Europe
Life expectancy at birth (years),Slovenia,2015,Male,77.6,high_income,Europe
Life expectancy at birth (years),Solomon Islands,2020,Male,62.9,lower_middle,Oceania
Life expectancy at birth (years),Solomon Islands,2019,Male,63.4,lower_middle,Oceania
Life expectancy at birth (years),Solomon Islands,2018,Male,63.2,lower_middle,Oceania
Life expectancy at birth (years),Solomon Islands,2017,Male,63.1,lower_middle,Oceania
Life expectancy at birth (years),Solomon Islands,2016,Male,63,lower_middle,Oceania
Life expectancy at birth (years),Solomon Islands,2015,Male,62.9,lower_middle,Oceania
Life expectancy at birth (years),Somalia,2020,Male,52.8,lower_income,Africa
Life expectancy at birth (years),Somalia,2019,Male,52.9,lower_income,Africa
Life expectancy at birth (years),Somalia,2018,Male,52.2,lower_income,Africa
Life expectancy at birth (years),Somalia,2017,Male,51.7,lower_income,Africa
Life expectancy at birth (years),Somalia,2016,Male,51.6,lower_income,Africa
Life expectancy at birth (years),Somalia,2015,Male,51.3,lower_income,Africa
Life expectancy at birth (years),South Africa,2020,Male,61.9,upper_middle,Africa
Life expectancy at birth (years),South Africa,2019,Male,62.5,upper_middle,Africa
Life expectancy at birth (years),South Africa,2018,Male,62,upper_middle,Africa
Life expectancy at birth (years),South Africa,2017,Male,61.4,upper_middle,Africa
Life expectancy at birth (years),South Africa,2016,Male,60.6,upper_middle,Africa
Life expectancy at birth (years),South Africa,2015,Male,60,upper_middle,Africa
Life expectancy at birth (years),South Sudan,2020,Male,56.6,lower_income,Africa
Life expectancy at birth (years),South Sudan,2019,Male,56.8,lower_income,Africa
Life expectancy at birth (years),South Sudan,2018,Male,56.7,lower_income,Africa
Life expectancy at birth (years),South Sudan,2017,Male,56.7,lower_income,Africa
Life expectancy at birth (years),South Sudan,2016,Male,57.1,lower_income,Africa
Life expectancy at birth (years),South Sudan,2015,Male,57.1,lower_income,Africa
Life expectancy at birth (years),Spain,2020,Male,79.3,high_income,Europe
Life expectancy at birth (years),Spain,2019,Male,80.5,high_income,Europe
Life expectancy at birth (years),Spain,2018,Male,80.2,high_income,Europe
Life expectancy at birth (years),Spain,2017,Male,80.1,high_income,Europe
Life expectancy at birth (years),Spain,2016,Male,80,high_income,Europe
Life expectancy at birth (years),Spain,2015,Male,79.7,high_income,Europe
Life expectancy at birth (years),Sri Lanka,2020,Male,77.8,lower_middle,Asia
Life expectancy at birth (years),Sri Lanka,2019,Male,74.3,lower_middle,Asia
Life expectancy at birth (years),Sri Lanka,2018,Male,74,lower_middle,Asia
Life expectancy at birth (years),Sri Lanka,2017,Male,73.8,lower_middle,Asia
Life expectancy at birth (years),Sri Lanka,2016,Male,73.6,lower_middle,Asia
Life expectancy at birth (years),Sri Lanka,2015,Male,73.2,lower_middle,Asia
Life expectancy at birth (years),Sudan,2020,Male,67,lower_income,Africa
Life expectancy at birth (years),Sudan,2019,Male,68.4,lower_income,Africa
Life expectancy at birth (years),Sudan,2018,Male,68.1,lower_income,Africa
Life expectancy at birth (years),Sudan,2017,Male,67.9,lower_income,Africa
Life expectancy at birth (years),Sudan,2016,Male,67.5,lower_income,Africa
Life expectancy at birth (years),Sudan,2015,Male,67.1,lower_income,Africa
Life expectancy at birth (years),Suriname,2020,Male,69.4,upper_middle,South America
Life expectancy at birth (years),Suriname,2019,Male,70,upper_middle,South America
Life expectancy at birth (years),Suriname,2018,Male,70.1,upper_middle,South America
Life expectancy at birth (years),Suriname,2017,Male,70.3,upper_middle,South America
Life expectancy at birth (years),Suriname,2016,Male,70.1,upper_middle,South America
Life expectancy at birth (years),Suriname,2015,Male,70,upper_middle,South America
Life expectancy at birth (years),Sweden,2020,Male,80.4,high_income,Europe
Life expectancy at birth (years),Sweden,2019,Male,81.2,high_income,Europe
Life expectancy at birth (years),Sweden,2018,Male,80.6,high_income,Europe
Life expectancy at birth (years),Sweden,2017,Male,80.5,high_income,Europe
Life expectancy at birth (years),Sweden,2016,Male,80.4,high_income,Europe
Life expectancy at birth (years),Sweden,2015,Male,80,high_income,Europe
Life expectancy at birth (years),Switzerland,2020,Male,80.8,high_income,Europe
Life expectancy at birth (years),Switzerland,2019,Male,81.8,high_income,Europe
Life expectancy at birth (years),Switzerland,2018,Male,81.5,high_income,Europe
Life expectancy at birth (years),Switzerland,2017,Male,81.2,high_income,Europe
Life expectancy at birth (years),Switzerland,2016,Male,81.4,high_income,Europe
Life expectancy at birth (years),Switzerland,2015,Male,80.6,high_income,Europe
Life expectancy at birth (years),Syrian Arab Republic,2020,Male,69.6,lower_income,Asia
Life expectancy at birth (years),Syrian Arab Republic,2019,Male,65.4,lower_income,Asia
Life expectancy at birth (years),Syrian Arab Republic,2018,Male,58.7,lower_income,Asia
Life expectancy at birth (years),Syrian Arab Republic,2017,Male,51.3,lower_income,Asia
Life expectancy at birth (years),Syrian Arab Republic,2016,Male,52.4,lower_income,Asia
Life expectancy at birth (years),Syrian Arab Republic,2015,Male,52.8,lower_income,Asia
Life expectancy at birth (years),Tajikistan,2020,Male,68.6,lower_middle,Asia
Life expectancy at birth (years),Tajikistan,2019,Male,72.3,lower_middle,Asia
Life expectancy at birth (years),Tajikistan,2018,Male,71.9,lower_middle,Asia
Life expectancy at birth (years),Tajikistan,2017,Male,71.6,lower_middle,Asia
Life expectancy at birth (years),Tajikistan,2016,Male,71.1,lower_middle,Asia
Life expectancy at birth (years),Tajikistan,2015,Male,70.6,lower_middle,Asia
Life expectancy at birth (years),Thailand,2020,Male,73.2,upper_middle,Asia
Life expectancy at birth (years),Thailand,2019,Male,73.3,upper_middle,Asia
Life expectancy at birth (years),Thailand,2018,Male,73.6,upper_middle,Asia
Life expectancy at birth (years),Thailand,2017,Male,73.8,upper_middle,Asia
Life expectancy at birth (years),Thailand,2016,Male,73.6,upper_middle,Asia
Life expectancy at birth (years),Thailand,2015,Male,73.6,upper_middle,Asia
Life expectancy at birth (years),Timor-Leste,2020,Male,67.2,lower_middle,Asia
Life expectancy at birth (years),Timor-Leste,2019,Male,67,lower_middle,Asia
Life expectancy at birth (years),Timor-Leste,2018,Male,66.9,lower_middle,Asia
Life expectancy at birth (years),Timor-Leste,2017,Male,66.8,lower_middle,Asia
Life expectancy at birth (years),Timor-Leste,2016,Male,66.6,lower_middle,Asia
Life expectancy at birth (years),Timor-Leste,2015,Male,66.4,lower_middle,Asia
Life expectancy at birth (years),Togo,2020,Male,61.3,lower_income,Africa
Life expectancy at birth (years),Togo,2019,Male,61.2,lower_income,Africa
Life expectancy at birth (years),Togo,2018,Male,60.6,lower_income,Africa
Life expectancy at birth (years),Togo,2017,Male,60.1,lower_income,Africa
Life expectancy at birth (years),Togo,2016,Male,59.6,lower_income,Africa
Life expectancy at birth (years),Togo,2015,Male,59.2,lower_income,Africa
Life expectancy at birth (years),Tonga,2020,Male,70.4,upper_middle,Oceania
Life expectancy at birth (years),Tonga,2019,Male,70.4,upper_middle,Oceania
Life expectancy at birth (years),Tonga,2018,Male,70.3,upper_middle,Oceania
Life expectancy at birth (years),Tonga,2017,Male,70.1,upper_middle,Oceania
Life expectancy at birth (years),Tonga,2016,Male,70,upper_middle,Oceania
Life expectancy at birth (years),Tonga,2015,Male,69.9,upper_middle,Oceania
Life expectancy at birth (years),Trinidad and Tobago,2020,Male,70.1,high_income,North America
Life expectancy at birth (years),Trinidad and Tobago,2019,Male,70.7,high_income,North America
Life expectancy at birth (years),Trinidad and Tobago,2018,Male,70.6,high_income,North America
Life expectancy at birth (years),Trinidad and Tobago,2017,Male,70.7,high_income,North America
Life expectancy at birth (years),Trinidad and Tobago,2016,Male,70.7,high_income,North America
Life expectancy at birth (years),Trinidad and Tobago,2015,Male,71.4,high_income,North America
Life expectancy at birth (years),Tunisia,2020,Male,74.7,lower_middle,Africa
Life expectancy at birth (years),Tunisia,2019,Male,75.1,lower_middle,Africa
Life expectancy at birth (years),Tunisia,2018,Male,74.8,lower_middle,Africa
Life expectancy at birth (years),Tunisia,2017,Male,74.6,lower_middle,Africa
Life expectancy at birth (years),Tunisia,2016,Male,74.5,lower_middle,Africa
Life expectancy at birth (years),Tunisia,2015,Male,74.4,lower_middle,Africa
Life expectancy at birth (years),Turkmenistan,2020,Male,64.9,upper_middle,Asia
Life expectancy at birth (years),Turkmenistan,2019,Male,65.7,upper_middle,Asia
Life expectancy at birth (years),Turkmenistan,2018,Male,65.7,upper_middle,Asia
Life expectancy at birth (years),Turkmenistan,2017,Male,65.6,upper_middle,Asia
Life expectancy at birth (years),Turkmenistan,2016,Male,65.5,upper_middle,Asia
Life expectancy at birth (years),Turkmenistan,2015,Male,65.3,upper_middle,Asia
Life expectancy at birth (years),Trkiye,2020,Male,73.4,upper_middle,Asia
Life expectancy at birth (years),Trkiye,2019,Male,75.1,upper_middle,Asia
Life expectancy at birth (years),Trkiye,2018,Male,75,upper_middle,Asia
Life expectancy at birth (years),Trkiye,2017,Male,74.5,upper_middle,Asia
Life expectancy at birth (years),Trkiye,2016,Male,74.1,upper_middle,Asia
Life expectancy at birth (years),Trkiye,2015,Male,74,upper_middle,Asia
Life expectancy at birth (years),Uganda,2020,Male,63,lower_income,Africa
Life expectancy at birth (years),Uganda,2019,Male,62.8,lower_income,Africa
Life expectancy at birth (years),Uganda,2018,Male,62.4,lower_income,Africa
Life expectancy at birth (years),Uganda,2017,Male,61.8,lower_income,Africa
Life expectancy at birth (years),Uganda,2016,Male,61.2,lower_income,Africa
Life expectancy at birth (years),Uganda,2015,Male,60.7,lower_income,Africa
Life expectancy at birth (years),Ukraine,2020,Male,67.6,lower_middle,Europe
Life expectancy at birth (years),Ukraine,2019,Male,68,lower_middle,Europe
Life expectancy at birth (years),Ukraine,2018,Male,67.7,lower_middle,Europe
Life expectancy at birth (years),Ukraine,2017,Male,68.1,lower_middle,Europe
Life expectancy at birth (years),Ukraine,2016,Male,67.7,lower_middle,Europe
Life expectancy at birth (years),Ukraine,2015,Male,67.1,lower_middle,Europe
Life expectancy at birth (years),United Arab Emirates,2020,Male,78.9,high_income,Asia
Life expectancy at birth (years),United Arab Emirates,2019,Male,81,high_income,Asia
Life expectancy at birth (years),United Arab Emirates,2018,Male,80.8,high_income,Asia
Life expectancy at birth (years),United Arab Emirates,2017,Male,80.5,high_income,Asia
Life expectancy at birth (years),United Arab Emirates,2016,Male,80.4,high_income,Asia
Life expectancy at birth (years),United Arab Emirates,2015,Male,80.4,high_income,Asia
Life expectancy at birth (years),United Kingdom of Great Britain and Northern Ireland,2020,Male,78.3,high_income,Europe
Life expectancy at birth (years),United Kingdom of Great Britain and Northern Ireland,2019,Male,79.5,high_income,Europe
Life expectancy at birth (years),United Kingdom of Great Britain and Northern Ireland,2018,Male,78.9,high_income,Europe
Life expectancy at birth (years),United Kingdom of Great Britain and Northern Ireland,2017,Male,79.2,high_income,Europe
Life expectancy at birth (years),United Kingdom of Great Britain and Northern Ireland,2016,Male,79.1,high_income,Europe
Life expectancy at birth (years),United Kingdom of Great Britain and Northern Ireland,2015,Male,78.9,high_income,Europe
Life expectancy at birth (years),United Republic of Tanzania,2020,Male,65.7,lower_middle,Africa
Life expectancy at birth (years),United Republic of Tanzania,2019,Male,65.2,lower_middle,Africa
Life expectancy at birth (years),United Republic of Tanzania,2018,Male,64.8,lower_middle,Africa
Life expectancy at birth (years),United Republic of Tanzania,2017,Male,64.4,lower_middle,Africa
Life expectancy at birth (years),United Republic of Tanzania,2016,Male,64,lower_middle,Africa
Life expectancy at birth (years),United Republic of Tanzania,2015,Male,63.5,lower_middle,Africa
Life expectancy at birth (years),United States of America,2020,Male,74.4,high_income,North America
Life expectancy at birth (years),United States of America,2019,Male,76.5,high_income,North America
Life expectancy at birth (years),United States of America,2018,Male,76.4,high_income,North America
Life expectancy at birth (years),United States of America,2017,Male,76.3,high_income,North America
Life expectancy at birth (years),United States of America,2016,Male,76.4,high_income,North America
Life expectancy at birth (years),United States of America,2015,Male,76.5,high_income,North America
Life expectancy at birth (years),Uruguay,2020,Male,74.2,high_income,South America
Life expectancy at birth (years),Uruguay,2019,Male,73.4,high_income,South America
Life expectancy at birth (years),Uruguay,2018,Male,73.2,high_income,South America
Life expectancy at birth (years),Uruguay,2017,Male,73.7,high_income,South America
Life expectancy at birth (years),Uruguay,2016,Male,73.1,high_income,South America
Life expectancy at birth (years),Uruguay,2015,Male,73.3,high_income,South America
Life expectancy at birth (years),Uzbekistan,2020,Male,69.2,lower_middle,Asia
Life expectancy at birth (years),Uzbekistan,2019,Male,70.1,lower_middle,Asia
Life expectancy at birth (years),Uzbekistan,2018,Male,69.3,lower_middle,Asia
Life expectancy at birth (years),Uzbekistan,2017,Male,68.2,lower_middle,Asia
Life expectancy at birth (years),Uzbekistan,2016,Male,67.7,lower_middle,Asia
Life expectancy at birth (years),Uzbekistan,2015,Male,67.1,lower_middle,Asia
Life expectancy at birth (years),Vanuatu,2020,Male,63.9,lower_middle,Oceania
Life expectancy at birth (years),Vanuatu,2019,Male,64.1,lower_middle,Oceania
Life expectancy at birth (years),Vanuatu,2018,Male,64,lower_middle,Oceania
Life expectancy at birth (years),Vanuatu,2017,Male,64,lower_middle,Oceania
Life expectancy at birth (years),Vanuatu,2016,Male,63.9,lower_middle,Oceania
Life expectancy at birth (years),Vanuatu,2015,Male,63.8,lower_middle,Oceania
Life expectancy at birth (years),Venezuela (Bolivarian Republic of),2020,Male,68,upper_middle,South America
Life expectancy at birth (years),Venezuela (Bolivarian Republic of),2019,Male,68.4,upper_middle,South America
Life expectancy at birth (years),Venezuela (Bolivarian Republic of),2018,Male,68.5,upper_middle,South America
Life expectancy at birth (years),Venezuela (Bolivarian Republic of),2017,Male,68.7,upper_middle,South America
Life expectancy at birth (years),Venezuela (Bolivarian Republic of),2016,Male,67.9,upper_middle,South America
Life expectancy at birth (years),Venezuela (Bolivarian Republic of),2015,Male,69.8,upper_middle,South America
Life expectancy at birth (years),Viet Nam,2020,Male,70.4,lower_middle,Asia
Life expectancy at birth (years),Viet Nam,2019,Male,69.5,lower_middle,Asia
Life expectancy at birth (years),Viet Nam,2018,Male,69.3,lower_middle,Asia
Life expectancy at birth (years),Viet Nam,2017,Male,69.2,lower_middle,Asia
Life expectancy at birth (years),Viet Nam,2016,Male,68.9,lower_middle,Asia
Life expectancy at birth (years),Viet Nam,2015,Male,68.7,lower_middle,Asia
Life expectancy at birth (years),Yemen,2020,Male,63.7,lower_income,Asia
Life expectancy at birth (years),Yemen,2019,Male,63.9,lower_income,Asia
Life expectancy at birth (years),Yemen,2018,Male,63.2,lower_income,Asia
Life expectancy at birth (years),Yemen,2017,Male,65.1,lower_income,Asia
Life expectancy at birth (years),Yemen,2016,Male,65.2,lower_income,Asia
Life expectancy at birth (years),Yemen,2015,Male,66.1,lower_income,Asia
Life expectancy at birth (years),Zambia,2020,Male,59.5,lower_middle,Africa
Life expectancy at birth (years),Zambia,2019,Male,59.4,lower_middle,Africa
Life expectancy at birth (years),Zambia,2018,Male,59.1,lower_middle,Africa
Life expectancy at birth (years),Zambia,2017,Male,59,lower_middle,Africa
Life expectancy at birth (years),Zambia,2016,Male,58.7,lower_middle,Africa
Life expectancy at birth (years),Zambia,2015,Male,58.2,lower_middle,Africa
Life expectancy at birth (years),Zimbabwe,2020,Male,57.1,lower_middle,Africa
Life expectancy at birth (years),Zimbabwe,2019,Male,56.9,lower_middle,Africa
Life expectancy at birth (years),Zimbabwe,2018,Male,56.5,lower_middle,Africa
Life expectancy at birth (years),Zimbabwe,2017,Male,56.1,lower_middle,Africa
Life expectancy at birth (years),Zimbabwe,2016,Male,55.8,lower_middle,Africa
Life expectancy at birth (years),Zimbabwe,2015,Male,55.5,lower_middle,Africa
